{
    "BLEU": 1.1029228135415878,
    "METEOR": 0.15985882230232593
}