{
    "BLEU": 3.3351840203682297,
    "METEOR": 0.20466915911223874
}