{
    "BLEU": 6.736228811258434,
    "METEOR": 0.2609462205319874
}